teamAbbrev,HomeFlag,firstName,lastName,ExpectedSOG,AvgShotsSznByLoc,LastFiveAvgShots,LastTenAvgShots,Opponent,RankAvgShotsAgainst,GoalieLastName,avgshotsvsOppAtLoc,AvgShotsAgainstThisOpp,SeasonAvgSOG,playerId,RankAvgGoalsAgainst,RankAvgSavePctg,lastfivemargin,locationmargin,combinedmargin
FLA,0,Carter,Verhaeghe,3.0,3.0,2.4,1.2,DET,24.55,Gibson,0.0,0.0,3.0,8477409,97.32,0.89,-0.6000000000000001,0.0,-0.6000000000000001
FLA,0,Jesper,Boqvist,1.0,1.0,0.8,0.4,DET,24.55,Gibson,0.0,0.0,1.0,8480003,97.32,0.89,-0.19999999999999996,0.0,-0.19999999999999996
FLA,0,Eetu,Luostarinen,1.0,1.0,0.8,0.4,DET,24.55,Gibson,0.0,0.0,1.0,8480185,97.32,0.89,-0.19999999999999996,0.0,-0.19999999999999996
FLA,0,Anton,Lundell,2.0,4.0,2.6,1.3,DET,24.55,Gibson,0.0,0.0,3.25,8482113,97.32,0.89,0.6000000000000001,2.0,2.6
FLA,0,Mackie,Samoskevich,1.5,1.0,1.6,0.8,DET,24.55,Gibson,0.0,0.0,2.0,8482713,97.32,0.89,0.10000000000000009,-0.5,-0.3999999999999999
DET,1,Patrick,Kane,1.0,2.0,1.0,0.5,FLA,11.16,Tarasov,0.0,0.0,1.67,8474141,54.02,14.29,0.0,1.0,1.0
DET,1,Alex,DeBrincat,4.0,4.0,2.4,1.2,FLA,11.16,Tarasov,0.0,0.0,4.0,8479337,54.02,14.29,-1.6,0.0,-1.6
DET,1,Marco,Kasper,1.0,2.5,1.0,0.5,FLA,11.16,Tarasov,0.0,0.0,1.67,8483464,54.02,14.29,0.0,1.5,1.5
CHI,0,Nick,Foligno,1.0,1.0,0.8,0.4,STL,37.95,Hofer,0.0,0.0,1.0,8473422,29.02,78.57,-0.19999999999999996,0.0,-0.19999999999999996
CHI,0,Matt,Grzelcyk,1.0,2.0,1.0,0.5,STL,37.95,Hofer,0.0,0.0,1.25,8476891,29.02,78.57,0.0,1.0,1.0
CHI,0,Jason,Dickinson,1.0,0.5,0.8,0.4,STL,37.95,Hofer,0.0,0.0,1.0,8477450,29.02,78.57,-0.19999999999999996,-0.5,-0.7
CHI,0,Ryan,Donato,1.0,1.0,1.6,0.8,STL,37.95,Hofer,0.0,0.0,2.0,8477987,29.02,78.57,0.6000000000000001,0.0,0.6000000000000001
CHI,0,Ilya,Mikheyev,1.0,0.5,1.2,0.6,STL,37.95,Hofer,0.0,0.0,1.5,8481624,29.02,78.57,0.19999999999999996,-0.5,-0.30000000000000004
CHI,0,Louis,Crevier,1.0,2.0,0.6,0.3,STL,37.95,Hofer,0.0,0.0,0.75,8481806,29.02,78.57,-0.4,1.0,0.6
CHI,0,Wyatt,Kaiser,1.0,1.0,0.8,0.4,STL,37.95,Hofer,0.0,0.0,1.0,8482176,29.02,78.57,-0.19999999999999996,0.0,-0.19999999999999996
CHI,0,Colton,Dach,1.0,1.5,0.6,0.3,STL,37.95,Hofer,0.0,0.0,0.75,8482703,29.02,78.57,-0.4,0.5,0.09999999999999998
CHI,0,Frank,Nazar,1.5,2.5,1.4,0.7,STL,37.95,Hofer,0.0,0.0,1.75,8483493,29.02,78.57,-0.10000000000000009,1.0,0.8999999999999999
CHI,0,Sam,Rinzel,1.0,1.5,1.0,0.5,STL,37.95,Hofer,0.0,0.0,1.25,8483506,29.02,78.57,0.0,0.5,0.5
OTT,0,Brady,Tkachuk,3.0,4.0,2.0,1.0,BUF,87.05,Lyon,0.0,0.0,3.33,8480801,42.86,66.96,-1.0,1.0,0.0
OTT,0,Dylan,Cozens,3.0,3.0,1.8,0.9,BUF,87.05,Lyon,0.0,0.0,3.0,8481528,42.86,66.96,-1.2,0.0,-1.2
OTT,0,Tim,St√ºtzle,3.0,2.5,2.2,1.1,BUF,87.05,Lyon,0.0,0.0,3.67,8482116,42.86,66.96,-0.7999999999999998,-0.5,-1.2999999999999998
UTA,1,Mikhail,Sergachev,2.0,,1.4,0.7,CGY,69.2,Wolf,0.0,0.0,2.33,8479410,78.12,29.02,-0.6000000000000001,,
UTA,1,Jack,McBain,3.0,,1.6,0.8,CGY,69.2,Wolf,0.0,0.0,2.67,8480855,78.12,29.02,-1.4,,
UTA,1,Logan,Cooley,1.0,,0.8,0.4,CGY,69.2,Wolf,0.0,0.0,1.33,8483431,78.12,29.02,-0.19999999999999996,,
UTA,1,Dmitri,Simashev,2.0,,1.0,0.5,CGY,69.2,Wolf,0.0,0.0,1.67,8484386,78.12,29.02,-1.0,,
CGY,0,Mikael,Backlund,1.0,1.0,1.0,0.5,UTA,8.04,Vanecek,0.0,0.0,1.25,8474150,29.02,11.61,0.0,0.0,0.0
CGY,0,Nazem,Kadri,3.0,1.5,2.0,1.0,UTA,8.04,Vanecek,0.0,0.0,2.5,8475172,29.02,11.61,-1.0,-1.5,-2.5
CGY,0,Rasmus,Andersson,2.0,1.0,1.6,0.8,UTA,8.04,Vanecek,0.0,0.0,2.0,8478397,29.02,11.61,-0.3999999999999999,-1.0,-1.4
CGY,0,Joel,Farabee,1.0,0.5,0.8,0.4,UTA,8.04,Vanecek,0.0,0.0,1.0,8480797,29.02,11.61,-0.19999999999999996,-0.5,-0.7
CGY,0,Yegor,Sharangovich,3.0,0.5,1.6,0.8,UTA,8.04,Vanecek,0.0,0.0,2.0,8481068,29.02,11.61,-1.4,-2.5,-3.9
CGY,0,Connor,Zary,2.0,2.0,1.6,0.8,UTA,8.04,Vanecek,0.0,0.0,2.0,8482074,29.02,11.61,-0.3999999999999999,0.0,-0.3999999999999999
CGY,0,Adam,Klapka,1.0,0.5,0.6,0.3,UTA,8.04,Vanecek,0.0,0.0,0.75,8483609,29.02,11.61,-0.4,-0.5,-0.9
CGY,0,Matvei,Gridin,2.0,3.5,1.8,0.9,UTA,8.04,Vanecek,0.0,0.0,2.25,8484860,29.02,11.61,-0.19999999999999996,1.5,1.3
BUF,1,Beck,Malenstyn,1.0,1.5,0.6,0.3,OTT,24.55,Ullmark,0.0,0.0,1.0,8479359,87.05,9.82,-0.4,0.5,0.09999999999999998
BUF,1,Josh,Doan,3.0,3.0,1.8,0.9,OTT,24.55,Ullmark,0.0,0.0,3.0,8482659,87.05,9.82,-1.2,0.0,-1.2
BUF,1,Jiri,Kulich,2.0,3.0,1.4,0.7,OTT,24.55,Ullmark,0.0,0.0,2.33,8483468,87.05,9.82,-0.6000000000000001,1.0,0.3999999999999999
